no	title	series	auth	pub	pub_year	call_no	rgtn	ISBN	 url
1	調べ学習　ガイドブック　／なにをどこで調べるか	図鑑	神林　照道．監修／尾崎　茂／阿部　純子／	ポプラ社	2000	002||ｶﾃ	34213	9784591993224	https://private.calil.jp/bib/gk-2004648-3vl4e/9784591993224
2	ブックレットのぶっくれっと	岩波ブックレット　Ｎｏ．２０１	岩波書店編集部．編	岩波書店	1991	023.1||ｲﾜ	22262	9784000031417	https://private.calil.jp/bib/gk-2004648-3vl4e/9784000031417
3	世界の名著　６　プラトン?	世界の名著	田中　美知太郎	中央公論社	1966	108||ｾｶ	4838	4838	https://private.calil.jp/bib/gk-2004648-3vl4e/4838
4	列仙伝／神仙伝	平凡社ライブラリー	劉　向／葛　洪／沢田　瑞穂．訳	平凡社	1999	125||ﾘｭ	34348	9784582760194	https://private.calil.jp/bib/gk-2004648-3vl4e/9784582760194
5	ルソー選集　７　／社会契約論／政治経済論／	選集	ルソー／作田　啓一／阪上　孝．訳／	白水社	1986	135.3||ﾙｿ	16616	9784560022719	https://private.calil.jp/bib/gk-2004648-3vl4e/9784560022719
6	魂の殺害者　／教育における愛という名の迫害／		モートン・シャッツマン／岸田　秀．訳	草思社	1999	141.1||ｼ	34645	9784794205704	https://private.calil.jp/bib/gk-2004648-3vl4e/9784794205704
7	色彩心理学入門　--ニュートンとゲーテの流れを追って--	中公新書１１６９	大山　正	中央公論社	1994	141.2||ｵｵ	26723	9784121011695	https://private.calil.jp/bib/gk-2004648-3vl4e/9784121011695
8	続・名言の内側　／色褪せぬ先人の知恵／		木村　尚三郎／外山　滋比古／村上　吉廣	日本経済新聞社	1992	159.8||ｷ	25001	9784532160692	https://private.calil.jp/bib/gk-2004648-3vl4e/9784532160692
9	ギリシア・ローマの神話　／人間に似た神さまたち／	世界の神話３	吉田　敦彦	筑摩書房	1985	164||ﾖ	15889	15889	https://private.calil.jp/bib/gk-2004648-3vl4e/15889
10	爆笑　北欧神話　／歴史人物笑史／	歴史人物笑史	シブサワ　コウ．編	光栄	1995	164.3||ｼ	30493	9784877192419	https://private.calil.jp/bib/gk-2004648-3vl4e/9784877192419
11	私のギリシャ神話		阿刀田　高	日本放送出版協会	2000	164.31||ｱ	34080	9784140804902	https://private.calil.jp/bib/gk-2004648-3vl4e/9784140804902
12	キリスト教とイスラム教　／どう違うか５０のＱ＆Ａ／	新潮選書	ひろ　さちや	新潮社	1989	190||ﾋ	21144	9784106003516	https://private.calil.jp/bib/gk-2004648-3vl4e/9784106003516
13	銃・病原菌・鉄　〈上〉　／１万３０００年にわたる人類史の謎		ジャレド・ダイアモンド／倉骨　彰．訳	草思社	2000	204||ﾀﾞｲ	34635	9784794210050	https://private.calil.jp/bib/gk-2004648-3vl4e/9784794210050
14	銃・病原菌・鉄　〈下〉　／１万３０００年にわたる人類史の謎		ジャレド・ダイアモンド／倉骨　彰．訳	草思社	2000	204||ﾀﾞｲ	34636	9784794210067	https://private.calil.jp/bib/gk-2004648-3vl4e/9784794210067
15	日本社会の歴史　（上）	岩波新書Ｒ５００	網野　善彦	岩波書店	1997	210.1||ｱﾐ	30964	9784004305002	https://private.calil.jp/bib/gk-2004648-3vl4e/9784004305002
16	エミシとは何か　／古代東アジアと北方日本　／日本文化の起源を北に探る	角川選書　２４７	中西　進	角川書店	1994	210.3||ﾅｽ	27311	9784311201165	https://private.calil.jp/bib/gk-2004648-3vl4e/9784311201165
17	中世都市鎌倉を歩く　--源頼朝から上杉謙信まで--	中公新書１３９２	松尾　剛次	中央公論社	1997	210.4||ﾏﾂ	31631	9784121013927	https://private.calil.jp/bib/gk-2004648-3vl4e/9784121013927
18	戦国合戦の常識が変わる本		藤本　正行	洋泉社	1999	210.47||ﾌﾏ	33140	9784896913699	https://private.calil.jp/bib/gk-2004648-3vl4e/9784896913699
19	江戸時代図誌　６／江戸３		西山　松之助	筑摩書房	1977	210.5||ﾆﾏ	7662	7662	https://private.calil.jp/bib/gk-2004648-3vl4e/7662
20	岐阜県の地名　／日本歴史地名大系２１巻		平凡社	平凡社	1993	215.3||ﾍ	29766	9784582490213	https://private.calil.jp/bib/gk-2004648-3vl4e/9784582490213
21	金大中平和統一論		金　大中アジア太平洋平和財団．著／波佐場　清．訳	朝日新聞社	2000	221.07||ｷ	34054	9784022574718	https://private.calil.jp/bib/gk-2004648-3vl4e/9784022574718
22	三国志故事物語		駒田　信二	河出書房新社	1993	222||ｺﾏ	27338	9784309222479	https://private.calil.jp/bib/gk-2004648-3vl4e/9784309222479
23	爆笑クイズ三国志	歴史人物笑史	シブサワ・コウ 光栄出版部 企画編集	光栄	1993	222||ｼﾌﾞ	27910	9784906300655	https://private.calil.jp/bib/gk-2004648-3vl4e/9784906300655
24	中国「戯れ歌」ウォッチング		南雲　智	ごま書房	1994	222.077||ﾅｻ	34179	9784846000790	https://private.calil.jp/bib/gk-2004648-3vl4e/9784846000790
25	生と死のウィーン　--世紀末を生きる都市--	講談社現代新書１０４５	ロート　美恵	講談社	1991	234.6||ﾛ-	21911	9784061490451	https://private.calil.jp/bib/gk-2004648-3vl4e/9784061490451
26	岩波西洋人名辞典	辞典	岩波書店編集部．編	岩波書店	1956	280.3||ｲ	4890	4890	https://private.calil.jp/bib/gk-2004648-3vl4e/4890
27	岩波＝ケンブリッジ　世界人名辞典	辞典	ディヴィッド・クリスタル．編／金子　雄司．他訳	岩波書店	1997	280.3||ｸ	32350	9784000800884	https://private.calil.jp/bib/gk-2004648-3vl4e/9784000800884
28	弔辞	岩波新書Ｒ５４７	新藤　兼人	岩波書店	1998	281||ｼﾝ	31890	9784004305477	https://private.calil.jp/bib/gk-2004648-3vl4e/9784004305477
29	日本女性人名辞典	辞典	芳賀　登／一番ヶ瀬　康子．他	日本図書センター	1993	281.03||ﾊﾉ	26733	9784820571285	https://private.calil.jp/bib/gk-2004648-3vl4e/9784820571285
30	ロシア国籍日本人の記録 : シベリア抑留からソ連邦崩壊まで	中公新書	川越史郎 著	中央公論社	1994	289.1||ｶﾜ	26805	9784121011732	https://private.calil.jp/bib/gk-2004648-3vl4e/9784121011732
31	和菓子屋の息子　／ある自伝的試み		小林　信彦	新潮社	1996	289.1||ｺﾉ	30506	9784103318217	https://private.calil.jp/bib/gk-2004648-3vl4e/9784103318217
32	日本妖怪異聞録		小松　和彦	小学館	1992	289.3||ｶ	29992	9784092073029	https://private.calil.jp/bib/gk-2004648-3vl4e/9784092073029
33	世界の本１７　ドイツ・ベルリン１２０ﾊﾟｰｾﾝﾄガイド	ひとりで行ける世界の本120ﾊﾟｰｾﾝﾄガイド	エトセトラ出版部	日地出版	1996	290.9||ﾋ	30335	30335	https://private.calil.jp/bib/gk-2004648-3vl4e/30335
34	世界の本２０　フランス・パリ１２０ﾊﾟｰｾﾝﾄガイド	ひとりで行ける世界の本120ﾊﾟｰｾﾝﾄガイド	エトセトラ出版部	日地出版	1996	290.9||ﾋ	30336	9784527005205	https://private.calil.jp/bib/gk-2004648-3vl4e/9784527005205
35	世界の本２４　西安・雲南・シルクロード１２０ﾊﾟｰｾﾝﾄガイド	ひとりで行ける世界の本120ﾊﾟｰｾﾝﾄガイド	エトセトラ出版部	日地出版	1996	290.9||ﾋ	30338	30338	https://private.calil.jp/bib/gk-2004648-3vl4e/30338
36	角川日本地名大辞典　２１　／岐阜県	地名辞典	編纂委員会	角川書店	1980	291.03||ｶ	12439	12439	https://private.calil.jp/bib/gk-2004648-3vl4e/12439
37	岐阜県百科事典　上	事典	岐阜県百科事典制作委員会	岐阜日日新聞社	1968	291.53||ｷﾞ	13507	13507	https://private.calil.jp/bib/gk-2004648-3vl4e/13507
38	岐阜県百科事典　下	事典	岐阜県百科事典制作委員会	岐阜日日新聞社	1968	291.53||ｷﾞ	13508	13508	https://private.calil.jp/bib/gk-2004648-3vl4e/13508
39	オーストラリア　--多文化社会の選択--	岩波新書Ｒ６８２	杉本　良夫	岩波書店	2000	302.7||ｽｷﾞ	34467	9784004306825	https://private.calil.jp/bib/gk-2004648-3vl4e/9784004306825
40	日本社会運動人名辞典	辞典	塩田　庄兵衛	青木書店	1983	309.02||ｼｼ	14652	9784250790034	https://private.calil.jp/bib/gk-2004648-3vl4e/9784250790034
41	「三国人」発言と在日外国人　／石原都知事発言が意味するもの	明石ブックレット　１０	内海　愛子／岡本　雅享／他．共著	明石書店	2000	316.1||ｳｱ	34449	9784750313092	https://private.calil.jp/bib/gk-2004648-3vl4e/9784750313092
42	アメリカ黒人の歴史　【新版】	岩波新書Ｒ１６５	本田　創造	岩波書店	1991	316.8||ﾎ	21724	21724	https://private.calil.jp/bib/gk-2004648-3vl4e/21724
43	世界民族問題事典	事典	梅棹　忠夫．監修／松原　正毅／ＮＩＲＡ	平凡社	1995	316.83||ｳﾀ	29855	9784582132014	https://private.calil.jp/bib/gk-2004648-3vl4e/9784582132014
44	世界のマイノリティ事典	事典	マイノリティ・ライツ・グループ．編／マイノリティ事典翻訳委員会．訳	明石書店	1996	316.83||ﾏ	29516	9784750307718	https://private.calil.jp/bib/gk-2004648-3vl4e/9784750307718
45	転換期の国際政治	岩波新書	武者小路公秀 著	岩波書店	1996	319||ﾑｼ	29394	9784004304340	https://private.calil.jp/bib/gk-2004648-3vl4e/9784004304340
46	夜と霧　／ドイツ強制収容所の体験記録		Ｖ・Ｅ・フランクル／霜山　徳爾．訳	みすず書房	1996	319.8||ﾌ	30229	9784622006015	https://private.calil.jp/bib/gk-2004648-3vl4e/9784622006015
47	新法律学辞典　【新版】		我妻　栄	有斐閣	1984	321||ﾜｻ	14651	9784641000025	https://private.calil.jp/bib/gk-2004648-3vl4e/9784641000025
48	世界犯罪百科全書		オリヴァー・サイリャックス／柳下　毅一郎．訳	原書房	1993	326.3||ｻ	33190	9784562028634	https://private.calil.jp/bib/gk-2004648-3vl4e/9784562028634
49	体験的憲法裁判史	同時代ライブラリー ; 117	新井章 著	岩波書店	1992	327||ｱﾗ	24557	9784002601175	https://private.calil.jp/bib/gk-2004648-3vl4e/9784002601175
50	経済学大辞典　?		編集委員	東洋経済新報社	1981	330.3||ﾄ	12436	12436	https://private.calil.jp/bib/gk-2004648-3vl4e/12436
51	経済学大辞典　?		編集委員	東洋経済新報社	1980	330.3||ﾄ	12437	12437	https://private.calil.jp/bib/gk-2004648-3vl4e/12437
52	現代の金融　〈上〉／現代金融の制度と理論		谷田　庄三／野田　正穂／久留間　健．編	大月書店	1992	338||ﾀｼ	23947	9784272110735	https://private.calil.jp/bib/gk-2004648-3vl4e/9784272110735
53	第二十六回　日本統計年鑑　／昭和五十一年（１９７６）		総理府統計局	毎日新聞社	1976	351.05||ﾏ	7391	7391	https://private.calil.jp/bib/gk-2004648-3vl4e/7391
54	メディア・リテラシー　／世界の現場から	岩波新書６８０	菅谷　明子	岩波書店	2000	361||ｽ	34502	34502	https://private.calil.jp/bib/gk-2004648-3vl4e/34502
55	自然のしごとがわかる本		永田　さち子／沼澤　将夫	山と渓谷社	2000	366||ﾅｻ	34417	9784635171526	https://private.calil.jp/bib/gk-2004648-3vl4e/9784635171526
56	国際労働経済統計年鑑　【特製版】		国際労働事務局	日本ＩＬＯ協会	1966	366.05||ｺ	19647	19647	https://private.calil.jp/bib/gk-2004648-3vl4e/19647
57	インダストリアルデザイナーになるには	なるにはＢｏｏｋｓ  69	石川　弘	ぺりかん社	1993	366.2||ﾅﾙ	25785	9784831505859	https://private.calil.jp/bib/gk-2004648-3vl4e/9784831505859
58	自然保護レンジャーになるには	なるにはＢｏｏｋｓ　７３	自然保護レンジャー研究会．編	ぺりかん社	1994	366.2||ﾅﾙ	27196	9784831506337	https://private.calil.jp/bib/gk-2004648-3vl4e/9784831506337
59	動物看護士・トリマーになるには	なるにはＢｏｏｋｓ　９０	井上　こみち	ぺりかん社	1998	366.2||ﾅﾙ	33301	9784831508102	https://private.calil.jp/bib/gk-2004648-3vl4e/9784831508102
60	フードコーディネーターになるには	なるにはＢｏｏｋｓ　９３	藤原　勝子	ぺりかん社	1998	366.2||ﾅﾙ	33302	9784831508546	https://private.calil.jp/bib/gk-2004648-3vl4e/9784831508546
61	イベントプロデューサーになるには	なるにはＢｏｏｋｓ　７８	とりはた　ともこ	ぺりかん社	1998	366.2||ﾅﾙ	33303	9784831506757	https://private.calil.jp/bib/gk-2004648-3vl4e/9784831506757
62	料理人になるには	なるにはBooks  14	大阪あべの辻調理師専門学校．編	ぺりかん社	1996	366.2||ﾅﾙ	33304	9784831506955	https://private.calil.jp/bib/gk-2004648-3vl4e/9784831506955
63	ソムリエ・バーテンダーになるには	なるにはＢｏｏｋｓ　９５	大阪あべの辻調理師専門学校．編	ぺりかん社	1999	366.2||ﾅﾙ	33896	9784831508768	https://private.calil.jp/bib/gk-2004648-3vl4e/9784831508768
64	どうするあなたなら　家族		朝日新聞社会部	朝日新聞社	1999	367.3||ｱｻ	33769	9784022574145	https://private.calil.jp/bib/gk-2004648-3vl4e/9784022574145
65	ハーネス・光と愛の絆		大澤　美實	ディーエイチシー	1995	369.27||ｵﾖ	29139	9784887240674	https://private.calil.jp/bib/gk-2004648-3vl4e/9784887240674
66	災害救援	岩波新書	野田正彰 著	岩波書店	1995	369.3||ﾉﾀﾞ	28678	9784004304012	https://private.calil.jp/bib/gk-2004648-3vl4e/9784004304012
67	教育小六法　／昭和６１年版	法律書	兼子　仁．編	学陽書房	1985	373.2||ｶﾋ	15081	9784313011618	https://private.calil.jp/bib/gk-2004648-3vl4e/9784313011618
68	アメリカの小学生はどう英語を覚えるか		メアリーベス・スーザ	はまの出版	1998	375.89||ｽ	32231	9784893612588	https://private.calil.jp/bib/gk-2004648-3vl4e/9784893612588
69	八十八年の歩み　／渓泉学園・多治見西高等学校	写真集	多治見西高等学校	多治見西高等学校	1996	376.43||ﾀ	31507	31507	https://private.calil.jp/bib/gk-2004648-3vl4e/31507
70	大学でなにを学ぶか	岩波ジュニア新書３８	隅谷　三喜男	岩波書店	1985	377||ｽ	15238	15238	https://private.calil.jp/bib/gk-2004648-3vl4e/15238
71	行幸啓記念誌　／回顧と展望		武庫川学院／井上　実	武庫川学院	1957	377.2||ｲﾐ	9724	9724	https://private.calil.jp/bib/gk-2004648-3vl4e/9724
72	日本民俗資料事典		文化庁文化財保護部．監修／祝　宮静．他編	第一法規出版	1969	380.1||ﾌﾞ	5825	5825	https://private.calil.jp/bib/gk-2004648-3vl4e/5825
73	慣用　ことわざ辞典	辞典	尚学図書	小学館	1988	388.8||ｼ	19263	19263	https://private.calil.jp/bib/gk-2004648-3vl4e/19263
74	ことわざ便利辞典　／キーワードからすぐ引ける		丹野　顕	日本実業出版社	1999	388.8||ﾀ	33748	33748	https://private.calil.jp/bib/gk-2004648-3vl4e/33748
75	兵士に聞け		杉山　隆男	新潮社	1995	392.1||ｽﾀ	28844	9784104062010	https://private.calil.jp/bib/gk-2004648-3vl4e/9784104062010
76	世界科学者事典　１／生物学者		Ｄ・アボット／中村　禎里．訳	原書房	1985	403||ｱ	16365	9784562016099	https://private.calil.jp/bib/gk-2004648-3vl4e/9784562016099
77	世界科学者事典　２／化学者		Ｄ・アボット／竹内　敬人．訳	原書房	1986	403||ｱ	16366	9784562016105	https://private.calil.jp/bib/gk-2004648-3vl4e/9784562016105
78	世界科学者事典　３／天文学者		Ｄ・アボット／小尾　信彌．訳	原書房	1987	403||ｱ	16367	9784562016112	https://private.calil.jp/bib/gk-2004648-3vl4e/9784562016112
79	世界科学者事典　４／物理学者		Ｄ・アボット／渡辺　正雄．訳	原書房	1986	403||ｱ	16368	9784562016129	https://private.calil.jp/bib/gk-2004648-3vl4e/9784562016129
80	世界科学者事典　５／数学者		Ｄ・アボット／齋藤　正彦．訳	原書房	1987	403||ｱ	17364	9784562016136	https://private.calil.jp/bib/gk-2004648-3vl4e/9784562016136
81	世界科学者事典　６／技術者		Ｄ・アボット／坂本　賢三．訳	原書房	1987	403||ｱ	17365	9784562016143	https://private.calil.jp/bib/gk-2004648-3vl4e/9784562016143
82	世界科学者事典　別巻／総索引		Ｄ・アボット／伊東　俊太郎．監修	原書房	1987	403||ｱ	17366	9784562016150	https://private.calil.jp/bib/gk-2004648-3vl4e/9784562016150
83	科学技術人名辞典		Ｉ・アシモフ／皆川　義雄．訳	共立出版	1972	403||ｱ	6497	6497	https://private.calil.jp/bib/gk-2004648-3vl4e/6497
84	科学を感じる　あそび事典／したいさせさせたいビックリ実験１００集		山田　卓三．文／トミタ・イチロー．絵／	農山漁村文化協会	1996	407||ﾔﾀ	30606	9785540960632	https://private.calil.jp/bib/gk-2004648-3vl4e/9785540960632
85	式と方程式　／数学が生まれる物語　３		志賀　浩二	岩波書店	1992	410||ｼｺ	24123	9784001152739	https://private.calil.jp/bib/gk-2004648-3vl4e/9784001152739
86	数学オリンピック　１９９１?１９９６		数学オリンピック財団．編	日本評論社	1996	410||ｽ	30191	9784535782334	https://private.calil.jp/bib/gk-2004648-3vl4e/9784535782334
87	算数・数学ランド　／おもしろ探検事典／疑問が解けて好きになれる		仲田　紀夫	評論社	1998	410||ﾅﾉ	32563	9784566034075	https://private.calil.jp/bib/gk-2004648-3vl4e/9784566034075
88	算数・数学なっとく事典		数学教育協議会／銀林　浩．編	日本評論社	1996	410.7||ｽ	31264	9784535782105	https://private.calil.jp/bib/gk-2004648-3vl4e/9784535782105
89	算数・数学なぜなぜ事典		数学教育協議会／銀林　浩．編	日本評論社	1997	410.7||ｽ	31273	9784535781979	https://private.calil.jp/bib/gk-2004648-3vl4e/9784535781979
90	数の話題事典		上野　富美夫．編	東京堂出版	1995	412||ｳﾌ	30152	9784490103809	https://private.calil.jp/bib/gk-2004648-3vl4e/9784490103809
91	砂時計の七不思議　／粉粒体の動力学／	中公新書１２６８	田口　善弘	中央公論社	1995	428||ﾀ	28903	9784121012685	https://private.calil.jp/bib/gk-2004648-3vl4e/9784121012685
92	水は語る		江本　勝	成星出版	2000	435.44||ｴﾏ	34655	9784883980239	https://private.calil.jp/bib/gk-2004648-3vl4e/9784883980239
93	宇宙300の大疑問 : 何から何まで、だれもが知りたい宇宙の謎	ブルーバックス	ステン・F.オデンワルド 著、塩原通緒 訳、加藤賢一 監修	講談社	2000	440.4||ｵﾃﾞ	34434	9784062572934	https://private.calil.jp/bib/gk-2004648-3vl4e/9784062572934
94	世界の論争・ビッグバンはあったか : 決定的な証拠は見当たらない	ブルーバックス	近藤陽次 著	講談社	2000	443.9||ｺﾝ	34510	9784062573009	https://private.calil.jp/bib/gk-2004648-3vl4e/9784062573009
95	生物学の旅　／始まりは昆虫採集！	新潮選書	岡田　節人	新潮社	2000	460.4||ｵﾄ	34369	9784106005787	https://private.calil.jp/bib/gk-2004648-3vl4e/9784106005787
96	操作されるイノチ・複製されるワタシ　／ＳＦみたい！な生命科学の話		高木　美也子	ＰＨＰ研究所	1999	467||ﾀﾐ	34049	9784569604831	https://private.calil.jp/bib/gk-2004648-3vl4e/9784569604831
97	グッチョ先生の森の学校　なんでこんな生物がいるの		盛口　満	日本経済新聞社	1995	480.4||ﾓ	29044	9784532520434	https://private.calil.jp/bib/gk-2004648-3vl4e/9784532520434
98	レッドデータの行方　／消えゆく生物を守れるか		ビバリー・ピータースン・スターンズ／スティーブン・Ｃ・スターンズ．共著／大西　央士．他訳	ニュートンプレス	2000	480.79||ﾋﾟ	34605	9784315515794	https://private.calil.jp/bib/gk-2004648-3vl4e/9784315515794
99	この子達を救いたい		濱井　千恵	エフエー出版	2000	489.56||ﾊﾁ	34260	9784872080674	https://private.calil.jp/bib/gk-2004648-3vl4e/9784872080674
100	追われ行くカモシカたち	ちくま少年図書館　３５	浜　昇	筑摩書房	1985	489.85||ﾊﾉ	15900	15900	https://private.calil.jp/bib/gk-2004648-3vl4e/15900
101	驚異の小宇宙　／人体　Ｑ＆Ａ	ＮＨＫサイエンススペシャル	日本放送出版協会／ＮＨＫ取材班．編／多田　富雄．監修	日本放送出版協会	1990	491.1||ｴ	33203	9784140086957	https://private.calil.jp/bib/gk-2004648-3vl4e/9784140086957
102	意識は科学で解き明かせるか : 脳・意志・心に挑む物理学	ブルーバックス	天外伺朗 茂木健一郎 著	講談社	2000	491.3||ﾃﾝ	34151	9784062572859	https://private.calil.jp/bib/gk-2004648-3vl4e/9784062572859
103	看護婦入門ハンドブック　／これからのナースが見えてくる資格と仕事の必携ガイド　【改訂新版】	やりがいのライセンス	大木　節子／高木　裕	オーエス出版	1996	498.14||ｵｾ	30604	9784871907224	https://private.calil.jp/bib/gk-2004648-3vl4e/9784871907224
104	ぼくがすすめるがん治療		近藤　誠	文藝春秋	1999	498.14||ﾌｺ	33052	9784163548005	https://private.calil.jp/bib/gk-2004648-3vl4e/9784163548005
105	高血圧の正しい知識			南江堂	1985	498.81||ﾌｼ11	17842	9784524244263	https://private.calil.jp/bib/gk-2004648-3vl4e/9784524244263
106	快適都市空間をつくる	中公新書１５４０	青木　仁	中央公論社	2000	518.8||ｱｵ	34438	9784121015402	https://private.calil.jp/bib/gk-2004648-3vl4e/9784121015402
107	地球環境の事典		宇井　純／根本　順吉／山田　國廣	三省堂	1992	519||ｳｼ	24584	9784385153575	https://private.calil.jp/bib/gk-2004648-3vl4e/9784385153575
108	進化した、木の家。　--２１世紀の住まいのカタチ--	写真・文集	海象社	海象社		527||ｼ	34501	34501	https://private.calil.jp/bib/gk-2004648-3vl4e/34501
109	一太郎“マル秘”文章テクニック　／あなたもちょっとした本づくりを！		涌井　良幸／涌井　貞美．共著	誠文堂新光社	1991	548.2||ﾜﾖ	22109	9784416191064	https://private.calil.jp/bib/gk-2004648-3vl4e/9784416191064
110	ロボット工作のはなし		佐伯　平二	技報堂出版	1993	548.3||ｻﾍ	25757	9784765543965	https://private.calil.jp/bib/gk-2004648-3vl4e/9784765543965
111	家庭でつくるこだわり食品　３　--芋・コンニャク・山菜・きのこ・木の実・薬草--		佐竹　秀雄／矢住　ハツノ・山田　安子／岩城　由子．共著	農文協	1990	588||ｻ	22386	22386	https://private.calil.jp/bib/gk-2004648-3vl4e/22386
112	電子レンジ（新）レシピ２００春夏秋冬	講談社α新書	伊藤　玲子	講談社	2000	596||ｲﾄ	34294	9784062720106	https://private.calil.jp/bib/gk-2004648-3vl4e/9784062720106
113	器物語　--知っておきたい食器の話--		ノリタケ食文化研究会．編	中日新聞社	2000	596.9||ﾉ	34195	9784806204008	https://private.calil.jp/bib/gk-2004648-3vl4e/9784806204008
114	お金の大切さがわかる本　３／ものの値段はどうやって決まるの？　／流通のしくみ	お金の大切さがわかる本　３	永井　進．編	ポプラ社	1999	675||ﾅｽ	34216	9784591059562	https://private.calil.jp/bib/gk-2004648-3vl4e/9784591059562
115	世界美術全集　２３／民族美術	全集	角川書店	角川書店	1965	708||ｶ	5006	5006	https://private.calil.jp/bib/gk-2004648-3vl4e/5006
116	韓国骨董入門　／「李朝」をたずねる	淡交ムック	上野　善弘／村山　武．監修／淡交社	中央公論社	1997	709.21||ﾀ	33951	9784473020253	https://private.calil.jp/bib/gk-2004648-3vl4e/9784473020253
117	日本の絵巻７／餓鬼草紙／地獄草紙／病草紙／九相詩絵巻	画集〈日本の絵巻〉	中央公論社／小松　茂美．編	中央公論社	1989	721.2||ﾁ	20679	9784124026573	https://private.calil.jp/bib/gk-2004648-3vl4e/9784124026573
118	源吉じいさんとキツネ	絵本	なるみや　ますみ．作／狩野　ふきこ．絵	ひくまの出版	1995	726.5||ﾅ	29163	29163	https://private.calil.jp/bib/gk-2004648-3vl4e/29163
119	アジアのこころ	絵本	葉　祥明．文・絵	自由国民社	1999	726.5||ﾖ	34113	34113	https://private.calil.jp/bib/gk-2004648-3vl4e/34113
120	クジラの海	絵本	葉　祥明．絵・文	佼成出版社	2000	726.5||ﾖ	34494	34494	https://private.calil.jp/bib/gk-2004648-3vl4e/34494
121	リアル・ラヴ　--ショーンのために描いた絵--	画集	ジョン・レノン．絵／オノ・ヨーコ．序文	徳間書店	2000	726.5||ﾚ	34345	34345	https://private.calil.jp/bib/gk-2004648-3vl4e/34345
122	奥入瀬渓流の四季　--新里源治写真集--	写真集	新里　源治	フォト民俗社	2000	748||ﾆ	34498	34498	https://private.calil.jp/bib/gk-2004648-3vl4e/34498
123	グッドモーニング路上動物　--アジア旅游写真館--		日比野　宏	凱風社	2000	748||ﾋ	34337	34337	https://private.calil.jp/bib/gk-2004648-3vl4e/34337
124	配色イメージブック		小林　重順／日本カラーデザイン研究所	講談社	1999	757.3||ｲ	34293	34293	https://private.calil.jp/bib/gk-2004648-3vl4e/34293
125	ＬＯＶＥ論　／あなたのいいトコ探します		つんく	新潮社	2000	767.84||ﾂ	34065	9784104343010	https://private.calil.jp/bib/gk-2004648-3vl4e/9784104343010
126	チャップリン	岩波ジュニア新書２５０	江藤　文夫	岩波書店	1995	778||ｴﾄ	28075	9784005002504	https://private.calil.jp/bib/gk-2004648-3vl4e/9784005002504
127	聖の青春		大崎　善生	講談社	2000	796.04||ｵ	34355	9784062100083	https://private.calil.jp/bib/gk-2004648-3vl4e/9784062100083
128	レトリック感覚　／ことばは新しい視点をひらく		佐藤　信夫	講談社	1988	801||ｻ	18442	9784061237421	https://private.calil.jp/bib/gk-2004648-3vl4e/9784061237421
129	ひよこの脳みそ　／言葉の辞典		古嶋　美加	朱鳥社	1999	810.4||ﾌ	34019	9784434000232	https://private.calil.jp/bib/gk-2004648-3vl4e/9784434000232
130	大辞林	辞典	松村　明	三省堂	1988	813.1||ﾏｱ	18251	18251	https://private.calil.jp/bib/gk-2004648-3vl4e/18251
131	旺文社・漢和辞典　【重版】	辞典	赤塚　忠．他編	旺文社	1990	813.2||ｵ	23025	9784010775226	https://private.calil.jp/bib/gk-2004648-3vl4e/9784010775226
132	字通	辞典	白川　静	平凡社	1996	813.2||ｼｼ	30612	9784582128048	https://private.calil.jp/bib/gk-2004648-3vl4e/9784582128048
133	新明解漢和辞典　【第二版】	辞典	長澤　規矩也．編	三省堂	1983	813.2||ﾅｷ	14954	14954	https://private.calil.jp/bib/gk-2004648-3vl4e/14954
134	新明解漢和辞典	辞典	長澤　規矩也．編	三省堂	1981	813.2||ﾅｷ	14955	14955	https://private.calil.jp/bib/gk-2004648-3vl4e/14955
135	廣漢和辞典　上	辞典	諸橋　轍次／鎌田　正／米山　寅太郎．共著	大修館書店	1981	813.2||ﾓﾃ	10294	10294	https://private.calil.jp/bib/gk-2004648-3vl4e/10294
136	廣漢和辞典　中	辞典	諸橋　轍次／鎌田　正／米山　寅太郎．共著	大修館書店	1982	813.2||ﾓﾃ	10295	10295	https://private.calil.jp/bib/gk-2004648-3vl4e/10295
137	廣漢和辞典　下	辞典	諸橋　轍次／鎌田　正／米山　寅太郎．共著	大修館書店	1982	813.2||ﾓﾃ	10296	10296	https://private.calil.jp/bib/gk-2004648-3vl4e/10296
138	イラスト面白四字熟語		ゴリングループ．編	島出版	1994	813.4||ｺﾞ	27795	9784915053214	https://private.calil.jp/bib/gk-2004648-3vl4e/9784915053214
139	人文系の小論文	学習参考書	河合塾小論文科	河合出版	1995	816||ｶ	30254	30254	https://private.calil.jp/bib/gk-2004648-3vl4e/30254
140	朝鮮語辞典	辞典	小学館／韓国・金星出版社	小学館	1998	829.13||ｼ	33157	9784095157016	https://private.calil.jp/bib/gk-2004648-3vl4e/9784095157016
141	話せる英語術	同時代ライブラリー	上田　明子	岩波書店	1995	830.7||ｳｴ	28181	9784002602196	https://private.calil.jp/bib/gk-2004648-3vl4e/9784002602196
142	イラストでわかる　英文法図鑑		宮崎　尊	研究社	1999	835||ﾐ	34362	9784327451288	https://private.calil.jp/bib/gk-2004648-3vl4e/9784327451288
143	英語で意見・考えを言える表現２４００		星加　和美／石津　ジュディス	ベレ出版	1999	836||ﾎ	34018	9784939076206	https://private.calil.jp/bib/gk-2004648-3vl4e/9784939076206
144	天声人語 ９９春　［英文対照］	第１１６集	朝日新聞論説委員室／朝日ｲﾌﾞﾆﾝｸﾞﾆｭｰｽ．訳	原書房	1999	837.5||ｱｻ	33480	33480	https://private.calil.jp/bib/gk-2004648-3vl4e/33480
145	ホームズの名推理・ベスト５　［ルビ訳］	Ｒｕｂｙ　Ｂｏｏｋｓ	コナン・ドイル	講談社インターナショナル	1998	837.7||ﾄﾞ	32824	9784770023704	https://private.calil.jp/bib/gk-2004648-3vl4e/9784770023704
146	老人と海　［ルビ訳］	Ｒｕｂｙ　Ｂｏｏｋｓ	アーネスト・ヘミングウェイ	講談社インターナショナル	1998	837.7||ﾍ	32939	9784770023735	https://private.calil.jp/bib/gk-2004648-3vl4e/9784770023735
147	オオカミと７ひきの子ヤギ　／カエルの王子	英文テキスト	堀口　俊一．編	朋友出版		837.7||ﾎ	28779	9784832491076	https://private.calil.jp/bib/gk-2004648-3vl4e/9784832491076
148	海外旅行の英会話　／快適マニュアル		石橋　眞知子	ジャパンタイムズ	1998	837.8||ｲ	33173	9784789009478	https://private.calil.jp/bib/gk-2004648-3vl4e/9784789009478
149	英会話　自遊自在　／日本を話す	ひとり歩きの会話集１４	ＪＴＢ出版事業局／るるぶ社	ＪＴＢ	1998	837.8||ｼﾞ	34082	9784533019937	https://private.calil.jp/bib/gk-2004648-3vl4e/9784533019937
150	英語で話す「仏教」Ｑ＆Ａ　【対訳】	Bilingual Books	ジェームズ・Ｍ・バーダマン．訳　／高田　佳人	講談社インターナショナル	1997	837.8||ﾀ	33081	9784770021618	https://private.calil.jp/bib/gk-2004648-3vl4e/9784770021618
151	アメリカ日常生活のマナーＱ＆Ａ　【対訳】	Bilingual Books	ジェームズ・Ｍ・バーダマン／倫子・バーダマン	講談社インターナショナル	1997	837.8||ﾊﾞ	31075	9784770021281	https://private.calil.jp/bib/gk-2004648-3vl4e/9784770021281
152	教養のためのドイツ語		下宮　忠雄	大修館書店	1991	840||ｼ	26491	9784469211672	https://private.calil.jp/bib/gk-2004648-3vl4e/9784469211672
153	天気の好い日は小説を書こう　／Ｗ大学文芸科創作教室		三田　誠広	朝日ソノラマ	1994	901.3||ﾐﾀ	28060	9784257034056	https://private.calil.jp/bib/gk-2004648-3vl4e/9784257034056
154	深くておいしい小説の書き方　／Ｗ大學文芸科創作教室		三田　誠広	朝日ソノラマ	1996	901.3||ﾐﾀ	31285	9784257034612	https://private.calil.jp/bib/gk-2004648-3vl4e/9784257034612
155	ジム・ボタンの機関車大旅行	岩波世界児童文学集２３	ミヒャエル・エンデ／上田　真而子．訳	岩波書店	1994	908||ｲ	25593	9784001157239	https://private.calil.jp/bib/gk-2004648-3vl4e/9784001157239
156	ああ無情　／少年少女世界文学館１７	少年少女世界文学館１７	ビクトル・ユーゴー／塚原　亮一．訳	講談社	1989	908||ｺ	19438	9784061943179	https://private.calil.jp/bib/gk-2004648-3vl4e/9784061943179
157	恋はきまぐれ　／新・ちくま文学の森　１	新・ちくま文学の森　１	筑摩書房	筑摩書房	1994	908||ﾁ	30452	9784480101211	https://private.calil.jp/bib/gk-2004648-3vl4e/9784480101211
158	からだの発見　／新・ちくま文学の森　８	新・ちくま文学の森　８	筑摩書房	筑摩書房	1995	908||ﾁ	30459	9784480101280	https://private.calil.jp/bib/gk-2004648-3vl4e/9784480101280
159	フランス童話集　?　／美女と野獣	世界民話童話翻訳ｼﾘｰｽﾞ１７	ボーモン夫人／中島　和子．訳	東洋文化社	1981	908||ﾄ	32117	32117	https://private.calil.jp/bib/gk-2004648-3vl4e/32117
160	芥川龍之介	岩波新書Ｒ４１４	関口　安義	岩波書店	1995	910.2||ｾｷ	28913	9784004304142	https://private.calil.jp/bib/gk-2004648-3vl4e/9784004304142
161	書く前に読もう超明解文学史　／Ｗ大學文芸科創作教室		三田　誠広	朝日ソノラマ	1997	910.2||ﾐﾀ	32227	9784257034926	https://private.calil.jp/bib/gk-2004648-3vl4e/9784257034926
162	文学私記		竹西寛子 著	青土社	2000	910.4||ﾀｹ	34144	 	https://private.calil.jp/bib/gk-2004648-3vl4e/ 
163	古事記／日本書紀　／新潮古典文学アルバム　１	新潮古典文学アルバム　１	神野志　隆光／大庭　みな子	新潮社	1991	910.8||ｼ	21585	9784106207013	https://private.calil.jp/bib/gk-2004648-3vl4e/9784106207013
164	田辺聖子の小倉百人一首	角川文庫	田辺　聖子	角川書店	1991	911.147||ﾀ	23110	9784041314241	https://private.calil.jp/bib/gk-2004648-3vl4e/9784041314241
165	和泉式部日記	岩波文庫	和泉式部／清水　文雄．校注	岩波書店	1984	911.34||ｼ	15590	15590	https://private.calil.jp/bib/gk-2004648-3vl4e/15590
166	ふくろうめがね		くどうなおこ 詩、あべ弘士 絵	童話屋	1994	911.5||ｸﾄﾞ	34572	9784924684812	https://private.calil.jp/bib/gk-2004648-3vl4e/9784924684812
167	わたしを束ねないで	童話屋の詩文庫	新川　和江	童話屋	2000	911.56||ﾄﾞ	34585	34585	https://private.calil.jp/bib/gk-2004648-3vl4e/34585
168	謡曲集　〈下〉　／日本古典文学大系　４１	日本古典文学大系　４１	後藤　丹治．他	岩波書店	1963	912.3||ﾖﾏ	3230	3230	https://private.calil.jp/bib/gk-2004648-3vl4e/3230
169	北の国から　前編		倉本　聰	理論社	1982	912.7||ｸ	12337	12337	https://private.calil.jp/bib/gk-2004648-3vl4e/12337
170	源氏の男はみんなサイテー　／親子小説としての源氏物語		大塚　ひかり	マガジンハウス	1997	913.36||ｵ	31660	9784838709359	https://private.calil.jp/bib/gk-2004648-3vl4e/9784838709359
171	酒呑童子異聞	同時代ライブラリー１０２	佐竹　昭広	岩波書店	1992	913.4||ｻﾀ	23691	9784002601021	https://private.calil.jp/bib/gk-2004648-3vl4e/9784002601021
172	雨月物語 : 現代語訳対照	旺文社文庫	[上田秋成著] ; 大輪靖宏訳注	岩波書店	1979	913.5||ｳｴ	15754	9784010640715	https://private.calil.jp/bib/gk-2004648-3vl4e/9784010640715
173	プレゼント		おとたけひろただ ぶん、さわだとしき え	中央法規出版	2000	913.6||オト	34330	9784805819005	https://private.calil.jp/bib/gk-2004648-3vl4e/9784805819005
174	リスボアを見た女		阿刀田高 著	白水社	1992	913.6||ｱﾄ	24686	9784560045626	https://private.calil.jp/bib/gk-2004648-3vl4e/9784560045626
175	果つる底なき		池井戸潤 著	講談社	1998	913.6||ｲｹ	32547	9784062093675	https://private.calil.jp/bib/gk-2004648-3vl4e/9784062093675
176	喜びは悲しみのあとに		上原隆 著	幻冬舎	1999	913.6||ｳｴ	34295	9784877283391	https://private.calil.jp/bib/gk-2004648-3vl4e/9784877283391
177	薔薇の木枇杷の木檸檬の木		江國香織 著	集英社	2000	913.6||ｴｸ	34452	9784087744576	https://private.calil.jp/bib/gk-2004648-3vl4e/9784087744576
178	沈黙	新潮文庫	遠藤　周作	新潮社	1989	913.6||ｴﾝ	19741	9784101123158	https://private.calil.jp/bib/gk-2004648-3vl4e/9784101123158
179	ヒロシマという名の街で		小笠　邦久	蝸牛社	1987	913.6||ｵｶ	17480	9784905579953	https://private.calil.jp/bib/gk-2004648-3vl4e/9784905579953
180	巷説百物語		京極夏彦 著	角川書店	1999	913.6||ｷﾖ	33886	9784048731638	https://private.calil.jp/bib/gk-2004648-3vl4e/9784048731638
181	どすこい(仮)		京極夏彦 著	集英社	2000	913.6||ｷﾖ	34063	9784087744149	https://private.calil.jp/bib/gk-2004648-3vl4e/9784087744149
182	運命論者／号外	旺文社文庫	国木田　独歩	旺文社	1971	913.6||ｸﾆ	5998	5998	https://private.calil.jp/bib/gk-2004648-3vl4e/5998
183	みそっかす	岩波文庫	幸田　文	岩波書店	1994	913.6||ｺｳ	27181	9784003110416	https://private.calil.jp/bib/gk-2004648-3vl4e/9784003110416
184	細雪　上巻	旺文社文庫	谷崎　潤一郎	旺文社	1983	913.6||ﾀﾆ	15839	9784010611012	https://private.calil.jp/bib/gk-2004648-3vl4e/9784010611012
185	細雪　中巻	旺文社文庫	谷崎　潤一郎	旺文社	1983	913.6||ﾀﾆ	15840	9784010611029	https://private.calil.jp/bib/gk-2004648-3vl4e/9784010611029
186	細雪　下巻	旺文社文庫	谷崎　潤一郎	旺文社		913.6||ﾀﾆ	15841	9784010611036	https://private.calil.jp/bib/gk-2004648-3vl4e/9784010611036
187	水府	河出文庫	津島　佑子	河出書房新社	1990	913.6||ﾂｼ	20926	9784309402789	https://private.calil.jp/bib/gk-2004648-3vl4e/9784309402789
188	料理人の休日	新潮文庫	辻　静雄	新潮社	1988	913.6||ﾂｼﾞ	17797	9784101275086	https://private.calil.jp/bib/gk-2004648-3vl4e/9784101275086
189	長崎ぶらぶら節		なかにし　礼	文藝春秋	2000	913.6||ﾅｶ	34057	9784163188201	https://private.calil.jp/bib/gk-2004648-3vl4e/9784163188201
190	少年アリス　／三月うさぎのお茶会へ行く		長野　まゆみ	河出書房新社	1992	913.6||ﾅｶﾞ	27228	9784309007410	https://private.calil.jp/bib/gk-2004648-3vl4e/9784309007410
191	賢治先生		長野　まゆみ	河出書房新社	1995	913.6||ﾅｶﾞ	30487	9784309010151	https://private.calil.jp/bib/gk-2004648-3vl4e/9784309010151
192	仁木兄妹の探偵簿　／雄太郎・悦子の全事件　?兄の巻		仁木　悦子	出版芸術社	1996	913.6||ﾆｷ	30474	9784882931287	https://private.calil.jp/bib/gk-2004648-3vl4e/9784882931287
193	仁木兄妹の探偵簿　／雄太郎・悦子の全事件　?妹の巻		仁木　悦子	出版芸術社	1996	913.6||ﾆｷ	30475	9784882931294	https://private.calil.jp/bib/gk-2004648-3vl4e/9784882931294
194	兎の眼		灰谷　健次郎	理論社	1986	913.6||ﾊｲ	15803	9784652071014	https://private.calil.jp/bib/gk-2004648-3vl4e/9784652071014
195	刑事たちの夏		久間十義 著	日本経済新聞社	1998	913.6||ﾋｻ	32675	9784532170554	https://private.calil.jp/bib/gk-2004648-3vl4e/9784532170554
196	黄昏記	同時代ライブラリー　５３	真野　さよ	岩波書店	1990	913.6||ﾏﾉ	21258	9784002600536	https://private.calil.jp/bib/gk-2004648-3vl4e/9784002600536
197	希望の国のエクソダス		村上龍 著	文藝春秋	2000	913.6||ﾑﾗ	34556	9784163193809	https://private.calil.jp/bib/gk-2004648-3vl4e/9784163193809
198	働く女		群ようこ 著	集英社	1999	913.6||ﾑﾚ	34088	9784087744446	https://private.calil.jp/bib/gk-2004648-3vl4e/9784087744446
199	カラフル		森　絵都	理論社	1999	913.6||ﾓﾘ	33743	33743	https://private.calil.jp/bib/gk-2004648-3vl4e/33743
200	陰陽師. 酔月ノ巻		夢枕獏 著	文藝春秋	2012	913.6||ﾕﾒ	34460	9784163817200	https://private.calil.jp/bib/gk-2004648-3vl4e/9784163817200
201	三国志 1	吉川英治歴史時代文庫33	吉川英治著	講談社	1991	913.6||ﾖｼ	22284	9784061965331	https://private.calil.jp/bib/gk-2004648-3vl4e/9784061965331
202	新美南吉童話集	岩波文庫	新美南吉 [著] ; 千葉俊二編	岩波書店	1996	913.8||ﾆｲ	29880	9784003115015	https://private.calil.jp/bib/gk-2004648-3vl4e/9784003115015
203	淋しいおさかな : 別役実童話集		別役　実	三一書房	1990	913.8||ﾍﾞﾂ	23866	23866	https://private.calil.jp/bib/gk-2004648-3vl4e/23866
204	犬さんちの　猫あそび百珍		犬童　光範	第三文明社	2000	914.6||ｲ	34166	34166	https://private.calil.jp/bib/gk-2004648-3vl4e/34166
205	紙の中の戦争	同時代ライブラリー　２７８	開高　健	岩波書店	1996	914.6||ｶｲ	30069	9784002602783	https://private.calil.jp/bib/gk-2004648-3vl4e/9784002602783
206	SELDOM-ILLEGAL　--時には、違法--		坂本　龍一	角川書店	1989	914.6||ｻｶ	22310	9784048832458	https://private.calil.jp/bib/gk-2004648-3vl4e/9784048832458
207	藤村文明論集	岩波文庫	島崎　藤村／十川　信介．編	岩波書店	1988	914.6||ｼﾄ	18199	9784003102466	https://private.calil.jp/bib/gk-2004648-3vl4e/9784003102466
208	ほっこりぽくぽく上方さんぽ		田辺聖子 著	文藝春秋	1999	914.6||ﾀﾅ	33744	9784163554808	https://private.calil.jp/bib/gk-2004648-3vl4e/9784163554808
209	くりやのくりごと : リンボウ先生家事を論ず		林　望	筑摩書房	1998	914.6||ﾊﾔ	32342	9784093453318	https://private.calil.jp/bib/gk-2004648-3vl4e/9784093453318
210	月山抄		森　敦	河出書房新社	1985	914.6||ﾓﾘ	26816	9784309003924	https://private.calil.jp/bib/gk-2004648-3vl4e/9784309003924
211	父の居場所		諸井薫 著	中央公論社	1992	914.6||ﾓﾛ	23758	9784120021107	https://private.calil.jp/bib/gk-2004648-3vl4e/9784120021107
212	韓国のおばちゃんはえらい!		渡邉真弓 著	晶文社	1999	914.6||ﾜﾀ	34015	9784794964229	https://private.calil.jp/bib/gk-2004648-3vl4e/9784794964229
213	時刻表２万キロ		宮脇　俊三	河出書房新社	1978	915.6||ﾐﾔ	8143	8143	https://private.calil.jp/bib/gk-2004648-3vl4e/8143
214	きけ　わだつみのこえ【第２集】　／日本戦没学生の手記／	岩波文庫	日本戦没学生記念会．編	岩波書店	1988	916||ﾆﾎ	18422	9784003315729	https://private.calil.jp/bib/gk-2004648-3vl4e/9784003315729
215	古事記　／少年少女古典文学館　１	少年少女古典文学館　１	橋本　治	講談社	1996	918||ｺ	30799	9784062508018	https://private.calil.jp/bib/gk-2004648-3vl4e/9784062508018
216	現代詩人全集　５　／北原白秋／三木露風／川路柳虹	詩人全集	新潮社／北原　白秋／三木　露風／川路　柳虹／	新潮社	1929	918.6||ｷ	8	8	https://private.calil.jp/bib/gk-2004648-3vl4e/8
217	太宰治全集　９	全集	太宰　治	筑摩書房	1983	918.6||ﾀﾞｻﾞ	14145	14145	https://private.calil.jp/bib/gk-2004648-3vl4e/14145
218	夢野久作全集　９　／ドグラ・マグラ／	文庫版全集	夢野　久作	筑摩書房	1992	918.6||ﾕﾒ	28030	9784480026798	https://private.calil.jp/bib/gk-2004648-3vl4e/9784480026798
219	爆笑三國志　２		シブサワ　コウ．編	光栄	1993	923||ｼｺ	27104	9784906300617	https://private.calil.jp/bib/gk-2004648-3vl4e/9784906300617
220	捜神記	平凡社ライブラリー	干　宝／竹田　晃．訳	平凡社	2000	923.4||ｶﾝ	34175	9784582763225	https://private.calil.jp/bib/gk-2004648-3vl4e/9784582763225
221	風、つめたい風	ショート・ストーリーズ	レズリー・ノリス 著、きたむらさとし 訳・絵	小峰書店	1999	933.7||ｽﾄ	34370	9784338133043	https://private.calil.jp/bib/gk-2004648-3vl4e/9784338133043
222	オオカミウルフは名コック	本の森 ; 5	ジェニー・ニモ 作、デイヴィド・W.ミルウォード 絵、安藤紀子 訳	偕成社	1998	933.7||ﾆﾓ	34246	9784039672506	https://private.calil.jp/bib/gk-2004648-3vl4e/9784039672506
223	ジョン・ランプリエールの辞書	海外文学セレクション	ローレンス・ノーフォーク 著、青木純子 訳	東京創元社	2000	933.7||ﾉｰ	34269	9784488016289	https://private.calil.jp/bib/gk-2004648-3vl4e/9784488016289
224	マンハッタンの怪人		フレデリック・フォーサイス 著、篠原慎 訳	角川書店	2000	933.7||ﾌｫ	34164	9784047913400	https://private.calil.jp/bib/gk-2004648-3vl4e/9784047913400
225	わるガキ日記 : ボクはあぶない0歳児		サイモン・ブレット 著、鈴木光司 訳	光文社	2000	933.7||ﾌﾞﾚ	34595	9784334961008	https://private.calil.jp/bib/gk-2004648-3vl4e/9784334961008
226	黄金の羅針盤	ライラの冒険シリーズ ; 1	フィリップ・プルマン 著、大久保寛 訳	新潮社	1999	933.7||ﾌﾟﾙ	34334	9784105389017	https://private.calil.jp/bib/gk-2004648-3vl4e/9784105389017
227	神秘の短剣	ライラの冒険シリーズ ; 2	フィリップ・プルマン 著、大久保寛 訳	新潮社	2000	933.7||ﾌﾟﾙ	34352	9784105389024	https://private.calil.jp/bib/gk-2004648-3vl4e/9784105389024
228	機械じかけの猫. 上		トリイ・ヘイデン 著、入江真佐子 訳	早川書房	2000	933.7||ﾍｲ	34564	9784152082947	https://private.calil.jp/bib/gk-2004648-3vl4e/9784152082947
229	機械じかけの猫. 下		トリイ・ヘイデン 著、入江真佐子 訳	早川書房	2000	933.7||ﾍｲ	34565	9784152082954	https://private.calil.jp/bib/gk-2004648-3vl4e/9784152082954
230	犬のウィリーとその他おおぜい		ペネロピ・ライヴリー 作、神宮輝夫 訳	理論社	1998	933.7||ﾗｲ	34124	9784652071656	https://private.calil.jp/bib/gk-2004648-3vl4e/9784652071656
231	ハリー・ポッターと秘密の部屋		J.K.ローリング 作、松岡佑子 訳	静山社	2000	933.7||ﾛｰ	34525	9784915512391	https://private.calil.jp/bib/gk-2004648-3vl4e/9784915512391
232	人間とは何か	岩波文庫	マーク・トウェイン．著／中野　好夫．訳	岩波書店	1987	934.6||ﾄｳ	16303	16303	https://private.calil.jp/bib/gk-2004648-3vl4e/16303
233	ティッピング・ポイント : いかにして「小さな変化」が「大きな変化」を生み出すか		マルコム・グラッドウェル 著、高橋啓 訳	飛鳥新社	2000	936||ｸﾞﾗ	34170	9784870313941	https://private.calil.jp/bib/gk-2004648-3vl4e/9784870313941
234	話を聞かない男、地図が読めない女 : 男脳・女脳が「謎」を解く		アラン・ピーズ バーバラ・ピーズ 著、藤井留美 訳	主婦の友社、角川書店	2000	936||ﾋﾟｰ	34401	9784072265147	https://private.calil.jp/bib/gk-2004648-3vl4e/9784072265147
235	エディスの真実 : ナチ占領下を生きぬいた少女		エディス・フェルマンス 著、樋口真理 訳	講談社	1999	936||ﾌｪ	34386	9784062098205	https://private.calil.jp/bib/gk-2004648-3vl4e/9784062098205
236	朗読者	Crest books	ベルンハルト・シュリンク 著、松永美穂 訳	新潮社	2000	943.7||ｼｭ	34353	9784105900182	https://private.calil.jp/bib/gk-2004648-3vl4e/9784105900182
237	クレイジー		ベンヤミン・レーベルト 著、平野卿子 訳	文藝春秋	2000	943.7||ﾚｰ	34486	9784163194004	https://private.calil.jp/bib/gk-2004648-3vl4e/9784163194004
238	お話のすむ家	本の森２	ミンダルト・ヴィンストラ．作／バッブス・ヴィンストラ．絵／小林　たん子．訳	偕成社	1996	949.3||ｳﾞ	34120	9784039672209	https://private.calil.jp/bib/gk-2004648-3vl4e/9784039672209
239	ゴールデンハート	本の森 ; 6	ウルフ・スタルク 作、マリアンネ・エンクヴィスト 絵、オスターグレン晴子 訳	偕成社	1999	949.8||ｽﾀ	34250	9784039672605	https://private.calil.jp/bib/gk-2004648-3vl4e/9784039672605
240	すいがらとバラと	本の森 ; 3	ヴィヴェッカ・レルン 作、イェシカ・パルムグレン 絵、菱木晃子 訳	偕成社	1997	949.8||ﾚﾙ	34247	9784039672308	https://private.calil.jp/bib/gk-2004648-3vl4e/9784039672308
241	悲しみのゴンドラ		Ｔ・トランストロンメル／エイコ・デューク．訳	思潮社	1999	949.81||ﾄ	33371	9784783728474	https://private.calil.jp/bib/gk-2004648-3vl4e/9784783728474
242	「星の王子さま」の誕生 : サン=テグジュペリとその生涯	「知の再発見」双書 ; 89	ナタリー・デ・ヴァリエール 著、山崎庸一郎 監修、南條郁子 訳	創元社	2000	950.2||ﾃﾞｳﾞ	34242	9784422211497	https://private.calil.jp/bib/gk-2004648-3vl4e/9784422211497
243	嘘をついた男		エマニュエル・カレール 著、田中千春 訳	河出書房新社	2000	953.7||ｶﾚ	34619	9784309203416	https://private.calil.jp/bib/gk-2004648-3vl4e/9784309203416
244	片目のオオカミ		ダニエル・ペナック [著]、末松氷海子 訳	白水社	1999	953.7||ﾍﾞﾅ	34374	9784560046746	https://private.calil.jp/bib/gk-2004648-3vl4e/9784560046746
245	イスカンダルと伝説の庭園		ジョアン・マヌエル・ジズベルト 作、宇野和美 訳	徳間書店	1999	963||ｼﾞｽﾞ	34375	9784198611224	https://private.calil.jp/bib/gk-2004648-3vl4e/9784198611224
246	ブロディーの報告書	白水Uブックス ; 53	ホルヘ・ルイス・ボルヘス [著]、鼓直 訳	白水社	1984	963||ﾎﾞﾙ	34145	9784560070536	https://private.calil.jp/bib/gk-2004648-3vl4e/9784560070536
247	森は生きている　--世界の名作１２--	絵本	マルシャーク．作／宮川　やすえ．文／宝永　たかこ．絵	小学館	1998	982||ﾏ	34639	34639	https://private.calil.jp/bib/gk-2004648-3vl4e/34639
248	孤独な殺人者	モスクワ市警殺人課分析官アナスタシヤ ; 2	アレクサンドラ・マリーニナ 著、吉岡ゆき 訳	作品社	2000	983||ﾏﾘ	34620	9784878933622	https://private.calil.jp/bib/gk-2004648-3vl4e/9784878933622
249	アンジェラの灰	Crest books	フランク・マコート 著、土屋政雄 訳	新潮社	1998	993||ﾏｺ	34615	9784105900038	https://private.calil.jp/bib/gk-2004648-3vl4e/9784105900038
250	書名	叢書名等	著者名	出版社	版年	分類記号||図書記号	登録番号	ISBN	https://private.calil.jp/bib/gk-2004648-3vl4e/ISBN
